Number,BC_ID,Well_BC,Well,Sample_ID,Date,Plate_Num,Plate_BC,Plate_index,Sample_BC,Replicate
386,DS_v1-2,GCATGTAAGA,A2,CD4_CTRL_D47_T2,240309,PRM00003,SI-TT-A3,CACTACGA,CACTACGAGCATGTAAGA,1
388,DS_v1-4,GATTAAGCAC,A4,CD4_CTRL_D47_T2,240309,PRM00003,SI-TT-A3,CACTACGA,CACTACGAGATTAAGCAC,2
390,DS_v1-6,TGTGTGACAA,A6,CD4_CTRL_D47_T2,240309,PRM00003,SI-TT-A3,CACTACGA,CACTACGATGTGTGACAA,3
392,DS_v1-8,CTTGATCGCG,A8,CD4_CTRL_D47_T5,240309,PRM00003,SI-TT-A3,CACTACGA,CACTACGACTTGATCGCG,1
394,DS_v1-10,AGTCCTAGAG,A10,CD4_CTRL_D47_T5,240309,PRM00003,SI-TT-A3,CACTACGA,CACTACGAAGTCCTAGAG,2
396,DS_v1-12,ACATGAGCAA,A12,CD4_CTRL_D47_T5,240309,PRM00003,SI-TT-A3,CACTACGA,CACTACGAACATGAGCAA,3
398,DS_v1-14,CGTCTACGTC,A14,CD4_CTRL_D47_T6,240309,PRM00003,SI-TT-A3,CACTACGA,CACTACGACGTCTACGTC,1
400,DS_v1-16,CGCAAGTCGA,A16,CD4_CTRL_D47_T6,240309,PRM00003,SI-TT-A3,CACTACGA,CACTACGACGCAAGTCGA,2
402,DS_v1-18,CTATTTAGCG,A18,CD4_CTRL_D47_T6,240309,PRM00003,SI-TT-A3,CACTACGA,CACTACGACTATTTAGCG,3
404,DS_v1-20,GAATGTGCTC,A20,CD4_CTRL_D47_T8,240309,PRM00003,SI-TT-A3,CACTACGA,CACTACGAGAATGTGCTC,1
406,DS_v1-22,TGACTGCGAC,A22,CD4_CTRL_D47_T8,240309,PRM00003,SI-TT-A3,CACTACGA,CACTACGATGACTGCGAC,2
408,DS_v1-24,GTTCTGTCGT,A24,CD4_CTRL_D47_T8,240309,PRM00003,SI-TT-A3,CACTACGA,CACTACGAGTTCTGTCGT,3
409,DS_v1-25,CGTCAATAGT,B1,CD4_CTRL_D47_T9,240309,PRM00003,SI-TT-A3,CACTACGA,CACTACGACGTCAATAGT,1
411,DS_v1-27,CCGTATGTAG,B3,CD4_CTRL_D47_T9,240309,PRM00003,SI-TT-A3,CACTACGA,CACTACGACCGTATGTAG,2
413,DS_v1-29,ATGAGCCCAG,B5,CD4_CTRL_D47_T9,240309,PRM00003,SI-TT-A3,CACTACGA,CACTACGAATGAGCCCAG,3
415,DS_v1-31,TATGCGTTAG,B7,CD4_CTRL_D47_T13,240309,PRM00003,SI-TT-A3,CACTACGA,CACTACGATATGCGTTAG,1
417,DS_v1-33,GAACTACGAA,B9,CD4_CTRL_D47_T13,240309,PRM00003,SI-TT-A3,CACTACGA,CACTACGAGAACTACGAA,2
419,DS_v1-35,TCTTACGTCA,B11,CD4_CTRL_D47_T13,240309,PRM00003,SI-TT-A3,CACTACGA,CACTACGATCTTACGTCA,3
421,DS_v1-37,GGATAGTGAG,B13,CD4_CTRL_D47_T15,240309,PRM00003,SI-TT-A3,CACTACGA,CACTACGAGGATAGTGAG,1
423,DS_v1-39,GGATTCGAGT,B15,CD4_CTRL_D47_T15,240309,PRM00003,SI-TT-A3,CACTACGA,CACTACGAGGATTCGAGT,2
425,DS_v1-41,TGATTTCGTG,B17,CD4_CTRL_D47_T15,240309,PRM00003,SI-TT-A3,CACTACGA,CACTACGATGATTTCGTG,3
427,DS_v1-43,CACTGAGCTT,B19,CD4_CTRL_D47_T0,240309,PRM00003,SI-TT-A3,CACTACGA,CACTACGACACTGAGCTT,1
429,DS_v1-45,TTGAAGTCCT,B21,CD4_CTRL_D47_T0,240309,PRM00003,SI-TT-A3,CACTACGA,CACTACGATTGAAGTCCT,2
431,DS_v1-47,AGAACAGCCC,B23,CD4_CTRL_D47_T0,240309,PRM00003,SI-TT-A3,CACTACGA,CACTACGAAGAACAGCCC,3
434,DS_v1-50,TCTGTCGAAC,C2,CD4_CTRL_D64_T2,240309,PRM00003,SI-TT-A3,CACTACGA,CACTACGATCTGTCGAAC,1
436,DS_v1-52,GTGTAGATGA,C4,CD4_CTRL_D64_T2,240309,PRM00003,SI-TT-A3,CACTACGA,CACTACGAGTGTAGATGA,2
438,DS_v1-54,TTTGTTGTGA,C6,CD4_CTRL_D64_T2,240309,PRM00003,SI-TT-A3,CACTACGA,CACTACGATTTGTTGTGA,3
440,DS_v1-56,ATGAACGTGT,C8,CD4_CTRL_D64_T5,240309,PRM00003,SI-TT-A3,CACTACGA,CACTACGAATGAACGTGT,1
442,DS_v1-58,AGTGACAGCG,C10,CD4_CTRL_D64_T5,240309,PRM00003,SI-TT-A3,CACTACGA,CACTACGAAGTGACAGCG,2
444,DS_v1-60,AAGTGCTCGA,C12,CD4_CTRL_D64_T5,240309,PRM00003,SI-TT-A3,CACTACGA,CACTACGAAAGTGCTCGA,3
446,DS_v1-62,AAGACCCGTT,C14,CD4_CTRL_D64_T6,240309,PRM00003,SI-TT-A3,CACTACGA,CACTACGAAAGACCCGTT,1
448,DS_v1-64,GGACAAGTCT,C16,CD4_CTRL_D64_T6,240309,PRM00003,SI-TT-A3,CACTACGA,CACTACGAGGACAAGTCT,2
450,DS_v1-66,GTCACGAGTG,C18,CD4_CTRL_D64_T6,240309,PRM00003,SI-TT-A3,CACTACGA,CACTACGAGTCACGAGTG,3
452,DS_v1-68,TGAGAGACGC,C20,CD4_CTRL_D64_T8,240309,PRM00003,SI-TT-A3,CACTACGA,CACTACGATGAGAGACGC,1
454,DS_v1-70,GACCAGCTAT,C22,CD4_CTRL_D64_T8,240309,PRM00003,SI-TT-A3,CACTACGA,CACTACGAGACCAGCTAT,2
456,DS_v1-72,GAAACACAAC,C24,CD4_CTRL_D64_T8,240309,PRM00003,SI-TT-A3,CACTACGA,CACTACGAGAAACACAAC,3
457,DS_v1-73,CAGAAGTGAA,D1,CD4_CTRL_D64_T9,240309,PRM00003,SI-TT-A3,CACTACGA,CACTACGACAGAAGTGAA,1
459,DS_v1-75,CACACTAGCG,D3,CD4_CTRL_D64_T9,240309,PRM00003,SI-TT-A3,CACTACGA,CACTACGACACACTAGCG,2
461,DS_v1-77,CTGTGCATCG,D5,CD4_CTRL_D64_T9,240309,PRM00003,SI-TT-A3,CACTACGA,CACTACGACTGTGCATCG,3
463,DS_v1-79,GATAAGCTGA,D7,CD4_CTRL_D64_T13,240309,PRM00003,SI-TT-A3,CACTACGA,CACTACGAGATAAGCTGA,1
465,DS_v1-81,TGTGTGTGTC,D9,CD4_CTRL_D64_T13,240309,PRM00003,SI-TT-A3,CACTACGA,CACTACGATGTGTGTGTC,2
467,DS_v1-83,ATCAAGAACG,D11,CD4_CTRL_D64_T13,240309,PRM00003,SI-TT-A3,CACTACGA,CACTACGAATCAAGAACG,3
469,DS_v1-85,CCAAGACGTG,D13,CD4_CTRL_D64_T15,240309,PRM00003,SI-TT-A3,CACTACGA,CACTACGACCAAGACGTG,1
471,DS_v1-87,GAGCCTTTGA,D15,CD4_CTRL_D64_T15,240309,PRM00003,SI-TT-A3,CACTACGA,CACTACGAGAGCCTTTGA,2
473,DS_v1-89,CTAGACGACC,D17,CD4_CTRL_D64_T15,240309,PRM00003,SI-TT-A3,CACTACGA,CACTACGACTAGACGACC,3
475,DS_v1-91,GTGCGACATT,D19,CD4_CTRL_D64_T0,240309,PRM00003,SI-TT-A3,CACTACGA,CACTACGAGTGCGACATT,1
477,DS_v1-93,AGCCTCGAAA,D21,CD4_CTRL_D64_T0,240309,PRM00003,SI-TT-A3,CACTACGA,CACTACGAAGCCTCGAAA,2
479,DS_v1-95,GGACTCCCTA,D23,CD4_CTRL_D64_T0,240309,PRM00003,SI-TT-A3,CACTACGA,CACTACGAGGACTCCCTA,3
482,DS_v1-98,CTACATGTCG,E2,CD8_CTRL_D47_T2,240309,PRM00003,SI-TT-A3,CACTACGA,CACTACGACTACATGTCG,1
484,DS_v1-100,AAACGTCTCA,E4,CD8_CTRL_D47_T2,240309,PRM00003,SI-TT-A3,CACTACGA,CACTACGAAAACGTCTCA,2
486,DS_v1-102,GTAACCCAGA,E6,CD8_CTRL_D47_T2,240309,PRM00003,SI-TT-A3,CACTACGA,CACTACGAGTAACCCAGA,3
488,DS_v1-104,TGCAAAGCAC,E8,CD8_CTRL_D47_T5,240309,PRM00003,SI-TT-A3,CACTACGA,CACTACGATGCAAAGCAC,1
490,DS_v1-106,AAGCCGATAA,E10,CD8_CTRL_D47_T5,240309,PRM00003,SI-TT-A3,CACTACGA,CACTACGAAAGCCGATAA,2
492,DS_v1-108,TAGAGATCCG,E12,CD8_CTRL_D47_T5,240309,PRM00003,SI-TT-A3,CACTACGA,CACTACGATAGAGATCCG,3
494,DS_v1-110,GGACACTTTG,E14,CD8_CTRL_D47_T6,240309,PRM00003,SI-TT-A3,CACTACGA,CACTACGAGGACACTTTG,1
496,DS_v1-112,CAGAGTCCTT,E16,CD8_CTRL_D47_T6,240309,PRM00003,SI-TT-A3,CACTACGA,CACTACGACAGAGTCCTT,2
498,DS_v1-114,TTAATGCAGC,E18,CD8_CTRL_D47_T6,240309,PRM00003,SI-TT-A3,CACTACGA,CACTACGATTAATGCAGC,3
500,DS_v1-116,AACCCTGCGT,E20,CD8_CTRL_D47_T8,240309,PRM00003,SI-TT-A3,CACTACGA,CACTACGAAACCCTGCGT,1
502,DS_v1-118,CGTTAGAGAA,E22,CD8_CTRL_D47_T8,240309,PRM00003,SI-TT-A3,CACTACGA,CACTACGACGTTAGAGAA,2
504,DS_v1-120,TCCGTTAGCG,E24,CD8_CTRL_D47_T8,240309,PRM00003,SI-TT-A3,CACTACGA,CACTACGATCCGTTAGCG,3
505,DS_v1-121,AGCTGTGTTT,F1,CD8_CTRL_D47_T9,240309,PRM00003,SI-TT-A3,CACTACGA,CACTACGAAGCTGTGTTT,1
507,DS_v1-123,TCGTGCAGAC,F3,CD8_CTRL_D47_T9,240309,PRM00003,SI-TT-A3,CACTACGA,CACTACGATCGTGCAGAC,2
509,DS_v1-125,CCGAGCAATT,F5,CD8_CTRL_D47_T9,240309,PRM00003,SI-TT-A3,CACTACGA,CACTACGACCGAGCAATT,3
511,DS_v1-127,CCCGTCACAT,F7,CD8_CTRL_D47_T13,240309,PRM00003,SI-TT-A3,CACTACGA,CACTACGACCCGTCACAT,1
513,DS_v1-129,ACGCATCGAT,F9,CD8_CTRL_D47_T13,240309,PRM00003,SI-TT-A3,CACTACGA,CACTACGAACGCATCGAT,2
515,DS_v1-131,CTCGTCTCTC,F11,CD8_CTRL_D47_T13,240309,PRM00003,SI-TT-A3,CACTACGA,CACTACGACTCGTCTCTC,3
517,DS_v1-133,AATGATGAGC,F13,CD8_CTRL_D47_T15,240309,PRM00003,SI-TT-A3,CACTACGA,CACTACGAAATGATGAGC,1
519,DS_v1-135,CGTAAAGCCG,F15,CD8_CTRL_D47_T15,240309,PRM00003,SI-TT-A3,CACTACGA,CACTACGACGTAAAGCCG,2
521,DS_v1-137,TAGCTCGTTG,F17,CD8_CTRL_D47_T15,240309,PRM00003,SI-TT-A3,CACTACGA,CACTACGATAGCTCGTTG,3
523,DS_v1-139,TTTCGACGTA,F19,CD8_CTRL_D47_T0,240309,PRM00003,SI-TT-A3,CACTACGA,CACTACGATTTCGACGTA,1
525,DS_v1-141,GCATTGATCT,F21,CD8_CTRL_D47_T0,240309,PRM00003,SI-TT-A3,CACTACGA,CACTACGAGCATTGATCT,2
527,DS_v1-143,AAAGTGTGTG,F23,CD8_CTRL_D47_T0,240309,PRM00003,SI-TT-A3,CACTACGA,CACTACGAAAAGTGTGTG,3
530,DS_v1-146,AGAGTGCAAA,G2,CD8_CTRL_D64_T2,240309,PRM00003,SI-TT-A3,CACTACGA,CACTACGAAGAGTGCAAA,1
532,DS_v1-148,CCGCTAGATC,G4,CD8_CTRL_D64_T2,240309,PRM00003,SI-TT-A3,CACTACGA,CACTACGACCGCTAGATC,2
534,DS_v1-150,ACCGACGTAA,G6,CD8_CTRL_D64_T2,240309,PRM00003,SI-TT-A3,CACTACGA,CACTACGAACCGACGTAA,3
536,DS_v1-152,TAACCAGATC,G8,CD8_CTRL_D64_T5,240309,PRM00003,SI-TT-A3,CACTACGA,CACTACGATAACCAGATC,1
538,DS_v1-154,ATGCAGTAGA,G10,CD8_CTRL_D64_T5,240309,PRM00003,SI-TT-A3,CACTACGA,CACTACGAATGCAGTAGA,2
540,DS_v1-156,TAAGCACGCA,G12,CD8_CTRL_D64_T5,240309,PRM00003,SI-TT-A3,CACTACGA,CACTACGATAAGCACGCA,3
542,DS_v1-158,CCCAGATCTA,G14,CD8_CTRL_D64_T6,240309,PRM00003,SI-TT-A3,CACTACGA,CACTACGACCCAGATCTA,1
544,DS_v1-160,CGTTGAACTG,G16,CD8_CTRL_D64_T6,240309,PRM00003,SI-TT-A3,CACTACGA,CACTACGACGTTGAACTG,2
546,DS_v1-162,GTCTTGTCAA,G18,CD8_CTRL_D64_T6,240309,PRM00003,SI-TT-A3,CACTACGA,CACTACGAGTCTTGTCAA,3
548,DS_v1-164,AAGATGCTAC,G20,CD8_CTRL_D64_T8,240309,PRM00003,SI-TT-A3,CACTACGA,CACTACGAAAGATGCTAC,1
550,DS_v1-166,TAGTCCGACG,G22,CD8_CTRL_D64_T8,240309,PRM00003,SI-TT-A3,CACTACGA,CACTACGATAGTCCGACG,2
552,DS_v1-168,TCGTGTACCT,G24,CD8_CTRL_D64_T8,240309,PRM00003,SI-TT-A3,CACTACGA,CACTACGATCGTGTACCT,3
553,DS_v1-169,TTGAGCCATC,H1,CD8_CTRL_D64_T9,240309,PRM00003,SI-TT-A3,CACTACGA,CACTACGATTGAGCCATC,1
555,DS_v1-171,CGAAGCCTTT,H3,CD8_CTRL_D64_T9,240309,PRM00003,SI-TT-A3,CACTACGA,CACTACGACGAAGCCTTT,2
557,DS_v1-173,ACGACGAGCT,H5,CD8_CTRL_D64_T9,240309,PRM00003,SI-TT-A3,CACTACGA,CACTACGAACGACGAGCT,3
559,DS_v1-175,TCGTCTCCGA,H7,CD8_CTRL_D64_T13,240309,PRM00003,SI-TT-A3,CACTACGA,CACTACGATCGTCTCCGA,1
561,DS_v1-177,GTAGATAGCC,H9,CD8_CTRL_D64_T13,240309,PRM00003,SI-TT-A3,CACTACGA,CACTACGAGTAGATAGCC,2
563,DS_v1-179,GAAGCTGTCC,H11,CD8_CTRL_D64_T13,240309,PRM00003,SI-TT-A3,CACTACGA,CACTACGAGAAGCTGTCC,3
565,DS_v1-181,ACGTAATCAG,H13,CD8_CTRL_D64_T15,240309,PRM00003,SI-TT-A3,CACTACGA,CACTACGAACGTAATCAG,1
567,DS_v1-183,TCCCTCGTGA,H15,CD8_CTRL_D64_T15,240309,PRM00003,SI-TT-A3,CACTACGA,CACTACGATCCCTCGTGA,2
569,DS_v1-185,GAGAAGAACC,H17,CD8_CTRL_D64_T15,240309,PRM00003,SI-TT-A3,CACTACGA,CACTACGAGAGAAGAACC,3
571,DS_v1-187,CTTAGTGTCC,H19,CD8_CTRL_D64_T0,240309,PRM00003,SI-TT-A3,CACTACGA,CACTACGACTTAGTGTCC,1
573,DS_v1-189,GTTCGTACTC,H21,CD8_CTRL_D64_T0,240309,PRM00003,SI-TT-A3,CACTACGA,CACTACGAGTTCGTACTC,2
575,DS_v1-191,AATCGCCCTA,H23,CD8_CTRL_D64_T0,240309,PRM00003,SI-TT-A3,CACTACGA,CACTACGAAATCGCCCTA,3
619,DS_v1-235,TGCACATTCG,J19,CD4_CTRL_D47_T1,240309,PRM00003,SI-TT-A3,CACTACGA,CACTACGATGCACATTCG,1
621,DS_v1-237,TTCCGTAAGA,J21,CD4_CTRL_D47_T1,240309,PRM00003,SI-TT-A3,CACTACGA,CACTACGATTCCGTAAGA,2
623,DS_v1-239,ATGTTGCACA,J23,CD4_CTRL_D47_T1,240309,PRM00003,SI-TT-A3,CACTACGA,CACTACGAATGTTGCACA,3
667,DS_v1-283,GGGAGAACAA,L19,CD4_CTRL_D64_T1,240309,PRM00003,SI-TT-A3,CACTACGA,CACTACGAGGGAGAACAA,1
669,DS_v1-285,GGCGTATGAC,L21,CD4_CTRL_D64_T1,240309,PRM00003,SI-TT-A3,CACTACGA,CACTACGAGGCGTATGAC,2
671,DS_v1-287,GCCTTCCAGA,L23,CD4_CTRL_D64_T1,240309,PRM00003,SI-TT-A3,CACTACGA,CACTACGAGCCTTCCAGA,3
715,DS_v1-331,CATTCGATTG,N19,CD8_CTRL_D47_T1,240309,PRM00003,SI-TT-A3,CACTACGA,CACTACGACATTCGATTG,1
717,DS_v1-333,GTCAGTTCTT,N21,CD8_CTRL_D47_T1,240309,PRM00003,SI-TT-A3,CACTACGA,CACTACGAGTCAGTTCTT,2
719,DS_v1-335,CGACTCGTAG,N23,CD8_CTRL_D47_T1,240309,PRM00003,SI-TT-A3,CACTACGA,CACTACGACGACTCGTAG,3
763,DS_v1-379,ACTGACCGTC,P19,CD8_CTRL_D64_T1,240309,PRM00003,SI-TT-A3,CACTACGA,CACTACGAACTGACCGTC,1
765,DS_v1-381,ACGTCTTCTT,P21,CD8_CTRL_D64_T1,240309,PRM00003,SI-TT-A3,CACTACGA,CACTACGAACGTCTTCTT,2
767,DS_v1-383,CGATATCCAA,P23,CD8_CTRL_D64_T1,240309,PRM00003,SI-TT-A3,CACTACGA,CACTACGACGATATCCAA,3