Number,BC_ID,Well_BC,Well,Sample_ID,Date,Plate_Num,Plate_BC,Plate_index,Sample_BC,Replicate,Subset,Receptor,Donor,Timepoint,Cell_line,Intergenic,Exon,Ambiguity,Unmapped,Reads,Mapped,Exon_Map,sum,detected,subsets_Mito_sum,subsets_Mito_detected,subsets_Mito_percent,total
484,DS_v1-100,AAACGTCTCA,E4,CD8_CTRL_D47_T2,240309,PRM00003,SI-TT-A3,CACTACGA,CACTACGAAAACGTCTCA,2,CD8,CTRL,Donor_47,Day_2,CAR,385776,743027,57937,88899,1275639,93.03102209951248,58.247435206982544,183641,10307,3592,73,1.9559902200488997,183641
527,DS_v1-143,AAAGTGTGTG,F23,CD8_CTRL_D47_T0,240309,PRM00003,SI-TT-A3,CACTACGA,CACTACGAAAAGTGTGTG,3,CD8,CTRL,Donor_47,Day_0,CAR,6279,5760,446,2123,14608,85.46686746987952,39.43044906900329,1449,855,25,14,1.725327812284334,1449
500,DS_v1-116,AACCCTGCGT,E20,CD8_CTRL_D47_T8,240309,PRM00003,SI-TT-A3,CACTACGA,CACTACGAAACCCTGCGT,1,CD8,CTRL,Donor_47,Day_8,CAR,10797,16892,1105,3525,32319,89.09310312819085,52.26646864073765,3849,1677,88,25,2.286308131982333,3849
446,DS_v1-62,AAGACCCGTT,C14,CD4_CTRL_D64_T6,240309,PRM00003,SI-TT-A3,CACTACGA,CACTACGAAAGACCCGTT,1,CD4,CTRL,Donor_64,Day_6,CAR,14061,25433,1801,3702,44997,91.77278485232348,56.5215458808365,6848,2515,126,32,1.8399532710280373,6848
548,DS_v1-164,AAGATGCTAC,G20,CD8_CTRL_D64_T8,240309,PRM00003,SI-TT-A3,CACTACGA,CACTACGAAAGATGCTAC,1,CD8,CTRL,Donor_64,Day_8,CAR,10264,13675,1091,2640,27670,90.45898084568124,49.42175641488977,3249,1479,61,16,1.8775007694675285,3249
490,DS_v1-106,AAGCCGATAA,E10,CD8_CTRL_D47_T5,240309,PRM00003,SI-TT-A3,CACTACGA,CACTACGAAAGCCGATAA,2,CD8,CTRL,Donor_47,Day_5,CAR,7680,10620,766,2859,21925,86.96009122006842,48.43785632839225,2435,1235,66,17,2.7104722792607805,2435
444,DS_v1-60,AAGTGCTCGA,C12,CD4_CTRL_D64_T5,240309,PRM00003,SI-TT-A3,CACTACGA,CACTACGAAAGTGCTCGA,3,CD4,CTRL,Donor_64,Day_5,CAR,3253,4898,346,1211,9708,87.52575195714874,50.453234445817884,1147,670,35,12,3.051438535309503,1147
575,DS_v1-191,AATCGCCCTA,H23,CD8_CTRL_D64_T0,240309,PRM00003,SI-TT-A3,CACTACGA,CACTACGAAATCGCCCTA,3,CD8,CTRL,Donor_64,Day_0,CAR,5647,5346,376,2031,13400,84.84328358208955,39.8955223880597,1444,845,27,14,1.8698060941828254,1444
517,DS_v1-133,AATGATGAGC,F13,CD8_CTRL_D47_T15,240309,PRM00003,SI-TT-A3,CACTACGA,CACTACGAAATGATGAGC,1,CD8,CTRL,Donor_47,Day_15,CAR,2802,3807,232,1691,8532,80.18049695264885,44.620253164556964,912,553,16,9,1.7543859649122806,912
396,DS_v1-12,ACATGAGCAA,A12,CD4_CTRL_D47_T5,240309,PRM00003,SI-TT-A3,CACTACGA,CACTACGAACATGAGCAA,3,CD4,CTRL,Donor_47,Day_5,CAR,4075,5951,373,1718,12117,85.82157299661633,49.112816703804576,1430,795,28,19,1.9580419580419581,1430
534,DS_v1-150,ACCGACGTAA,G6,CD8_CTRL_D64_T2,240309,PRM00003,SI-TT-A3,CACTACGA,CACTACGAACCGACGTAA,3,CD8,CTRL,Donor_64,Day_2,CAR,70037,141018,11312,16628,238995,93.04253227054959,59.004581685809335,31057,5566,835,46,2.688604823389252,31057
557,DS_v1-173,ACGACGAGCT,H5,CD8_CTRL_D64_T9,240309,PRM00003,SI-TT-A3,CACTACGA,CACTACGAACGACGAGCT,3,CD8,CTRL,Donor_64,Day_9,CAR,15574,17582,1212,3140,37508,91.62845259677935,46.87533326223739,3982,1714,61,20,1.5318935208437972,3982
513,DS_v1-129,ACGCATCGAT,F9,CD8_CTRL_D47_T13,240309,PRM00003,SI-TT-A3,CACTACGA,CACTACGAACGCATCGAT,2,CD8,CTRL,Donor_47,Day_13,CAR,14679,21397,1465,5743,43284,86.73181776175954,49.43397098234914,5468,2148,86,23,1.5727871250914411,5468
565,DS_v1-181,ACGTAATCAG,H13,CD8_CTRL_D64_T15,240309,PRM00003,SI-TT-A3,CACTACGA,CACTACGAACGTAATCAG,1,CD8,CTRL,Donor_64,Day_15,CAR,8048,11795,725,1617,22185,92.71129141311697,53.166553977913,2702,1294,41,19,1.5173945225758698,2702
765,DS_v1-381,ACGTCTTCTT,P21,CD8_CTRL_D64_T1,240309,PRM00003,SI-TT-A3,CACTACGA,CACTACGAACGTCTTCTT,2,CD8,CTRL,Donor_64,Day_1,CAR,10997,21194,1848,4614,38653,88.06302227511448,54.831449046645794,4911,1990,83,24,1.6900834860517207,4911
763,DS_v1-379,ACTGACCGTC,P19,CD8_CTRL_D64_T1,240309,PRM00003,SI-TT-A3,CACTACGA,CACTACGAACTGACCGTC,1,CD8,CTRL,Donor_64,Day_1,CAR,9468,20948,1707,2803,34926,91.97446028746492,59.97823970680868,4611,1911,92,28,1.9952288006939927,4611
431,DS_v1-47,AGAACAGCCC,B23,CD4_CTRL_D47_T0,240309,PRM00003,SI-TT-A3,CACTACGA,CACTACGAAGAACAGCCC,3,CD4,CTRL,Donor_47,Day_0,CAR,5955,4130,276,1602,11963,86.60871018975173,34.52311293153891,1119,692,17,11,1.519213583556747,1119
530,DS_v1-146,AGAGTGCAAA,G2,CD8_CTRL_D64_T2,240309,PRM00003,SI-TT-A3,CACTACGA,CACTACGAAGAGTGCAAA,1,CD8,CTRL,Donor_64,Day_2,CAR,8264,15067,961,2578,26870,90.40565686639374,56.07368812802381,3515,1589,122,25,3.4708392603129448,3515
477,DS_v1-93,AGCCTCGAAA,D21,CD4_CTRL_D64_T0,240309,PRM00003,SI-TT-A3,CACTACGA,CACTACGAAGCCTCGAAA,2,CD4,CTRL,Donor_64,Day_0,CAR,6940,5221,281,4468,16910,73.57776463630988,30.875221762270844,1524,886,22,15,1.4435695538057742,1524
505,DS_v1-121,AGCTGTGTTT,F1,CD8_CTRL_D47_T9,240309,PRM00003,SI-TT-A3,CACTACGA,CACTACGAAGCTGTGTTT,1,CD8,CTRL,Donor_47,Day_9,CAR,11109,16231,1113,3478,31931,89.10776361529548,50.83148037956845,3807,1667,47,14,1.2345679012345678,3807
394,DS_v1-10,AGTCCTAGAG,A10,CD4_CTRL_D47_T5,240309,PRM00003,SI-TT-A3,CACTACGA,CACTACGAAGTCCTAGAG,2,CD4,CTRL,Donor_47,Day_5,CAR,3714,6304,344,1568,11930,86.8566638725901,52.84157585917855,1416,762,26,14,1.8361581920903955,1416
442,DS_v1-58,AGTGACAGCG,C10,CD4_CTRL_D64_T5,240309,PRM00003,SI-TT-A3,CACTACGA,CACTACGAAGTGACAGCG,2,CD4,CTRL,Donor_64,Day_5,CAR,2099,2791,184,1028,6102,83.15306456899377,45.7391019337922,753,482,23,12,3.054448871181939,753
467,DS_v1-83,ATCAAGAACG,D11,CD4_CTRL_D64_T13,240309,PRM00003,SI-TT-A3,CACTACGA,CACTACGAATCAAGAACG,3,CD4,CTRL,Donor_64,Day_13,CAR,14777,21698,1545,4151,42171,90.15674278532641,51.45241990941643,5279,2094,71,22,1.3449516953968554,5279
440,DS_v1-56,ATGAACGTGT,C8,CD4_CTRL_D64_T5,240309,PRM00003,SI-TT-A3,CACTACGA,CACTACGAATGAACGTGT,1,CD4,CTRL,Donor_64,Day_5,CAR,10,27,NA,25,NA,NA,NA,15,15,0,0,0,15
413,DS_v1-29,ATGAGCCCAG,B5,CD4_CTRL_D47_T9,240309,PRM00003,SI-TT-A3,CACTACGA,CACTACGAATGAGCCCAG,3,CD4,CTRL,Donor_47,Day_9,CAR,16163,20809,1521,4144,42637,90.28074207847644,48.80502849637639,5063,2026,81,25,1.5998419909144777,5063
538,DS_v1-154,ATGCAGTAGA,G10,CD8_CTRL_D64_T5,240309,PRM00003,SI-TT-A3,CACTACGA,CACTACGAATGCAGTAGA,2,CD8,CTRL,Donor_64,Day_5,CAR,3281,4481,224,1547,9533,83.77215986572958,47.00514003986153,1138,651,19,10,1.6695957820738139,1138
623,DS_v1-239,ATGTTGCACA,J23,CD4_CTRL_D47_T1,240309,PRM00003,SI-TT-A3,CACTACGA,CACTACGAATGTTGCACA,3,CD4,CTRL,Donor_47,Day_1,CAR,12930,25903,2106,4661,45600,89.77850877192982,56.804824561403514,5911,2181,88,26,1.4887497885298595,5911
459,DS_v1-75,CACACTAGCG,D3,CD4_CTRL_D64_T9,240309,PRM00003,SI-TT-A3,CACTACGA,CACTACGACACACTAGCG,2,CD4,CTRL,Donor_64,Day_9,CAR,10896,15558,1071,3310,30835,89.26544511107508,50.45565104588942,3590,1578,51,20,1.4206128133704734,3590
427,DS_v1-43,CACTGAGCTT,B19,CD4_CTRL_D47_T0,240309,PRM00003,SI-TT-A3,CACTACGA,CACTACGACACTGAGCTT,1,CD4,CTRL,Donor_47,Day_0,CAR,9370,9369,554,2294,21587,89.3732338907676,43.401121045073424,2226,1111,29,15,1.302785265049416,2226
457,DS_v1-73,CAGAAGTGAA,D1,CD4_CTRL_D64_T9,240309,PRM00003,SI-TT-A3,CACTACGA,CACTACGACAGAAGTGAA,1,CD4,CTRL,Donor_64,Day_9,CAR,12057,16420,1245,3121,32843,90.49721401820784,49.99543281673416,3635,1657,44,16,1.2104539202200826,3635
496,DS_v1-112,CAGAGTCCTT,E16,CD8_CTRL_D47_T6,240309,PRM00003,SI-TT-A3,CACTACGA,CACTACGACAGAGTCCTT,2,CD8,CTRL,Donor_47,Day_6,CAR,10596,18713,1272,2855,33436,91.46129919846872,55.96662280177055,7904,2704,121,31,1.5308704453441295,7904
715,DS_v1-331,CATTCGATTG,N19,CD8_CTRL_D47_T1,240309,PRM00003,SI-TT-A3,CACTACGA,CACTACGACATTCGATTG,1,CD8,CTRL,Donor_47,Day_1,CAR,9478,20102,1687,3151,34418,90.84490673484805,58.405485501772326,4475,1859,62,22,1.3854748603351956,4475
469,DS_v1-85,CCAAGACGTG,D13,CD4_CTRL_D64_T15,240309,PRM00003,SI-TT-A3,CACTACGA,CACTACGACCAAGACGTG,1,CD4,CTRL,Donor_64,Day_15,CAR,11970,21841,1471,3161,38443,91.77743672450121,56.813984340452095,5015,1957,76,20,1.5154536390827518,5015
542,DS_v1-158,CCCAGATCTA,G14,CD8_CTRL_D64_T6,240309,PRM00003,SI-TT-A3,CACTACGA,CACTACGACCCAGATCTA,1,CD8,CTRL,Donor_64,Day_6,CAR,25944,41739,2929,6763,77375,91.259450726979,53.9437802907916,10130,3169,191,35,1.8854886475814414,10130
511,DS_v1-127,CCCGTCACAT,F7,CD8_CTRL_D47_T13,240309,PRM00003,SI-TT-A3,CACTACGA,CACTACGACCCGTCACAT,1,CD8,CTRL,Donor_47,Day_13,CAR,15064,18072,1228,3650,38014,90.39827431998738,47.540379860051566,4408,1847,79,23,1.7921960072595282,4408
509,DS_v1-125,CCGAGCAATT,F5,CD8_CTRL_D47_T9,240309,PRM00003,SI-TT-A3,CACTACGA,CACTACGACCGAGCAATT,3,CD8,CTRL,Donor_47,Day_9,CAR,13438,19823,1375,3402,38038,91.05631210894369,52.11367579788633,4322,1786,75,21,1.735307727903748,4322
532,DS_v1-148,CCGCTAGATC,G4,CD8_CTRL_D64_T2,240309,PRM00003,SI-TT-A3,CACTACGA,CACTACGACCGCTAGATC,2,CD8,CTRL,Donor_64,Day_2,CAR,106918,190440,14745,24366,336469,92.75832246061302,56.59956786509307,45208,6720,1190,64,2.6322774730136262,45208
411,DS_v1-27,CCGTATGTAG,B3,CD4_CTRL_D47_T9,240309,PRM00003,SI-TT-A3,CACTACGA,CACTACGACCGTATGTAG,2,CD4,CTRL,Donor_47,Day_9,CAR,13068,17790,1182,3383,35423,90.44970781695508,50.22160743020072,4288,1798,62,24,1.4458955223880596,4288
555,DS_v1-171,CGAAGCCTTT,H3,CD8_CTRL_D64_T9,240309,PRM00003,SI-TT-A3,CACTACGA,CACTACGACGAAGCCTTT,2,CD8,CTRL,Donor_64,Day_9,CAR,9793,14776,1007,2693,28269,90.47366373058827,52.26927022533518,3371,1492,56,20,1.661228122218926,3371
719,DS_v1-335,CGACTCGTAG,N23,CD8_CTRL_D47_T1,240309,PRM00003,SI-TT-A3,CACTACGA,CACTACGACGACTCGTAG,3,CD8,CTRL,Donor_47,Day_1,CAR,6815,13458,1067,2105,23445,91.02153977393901,57.40243122200896,3015,1438,73,23,2.4212271973466004,3015
767,DS_v1-383,CGATATCCAA,P23,CD8_CTRL_D64_T1,240309,PRM00003,SI-TT-A3,CACTACGA,CACTACGACGATATCCAA,3,CD8,CTRL,Donor_64,Day_1,CAR,7763,13619,911,3803,26096,85.42688534641324,52.18807480073574,3282,1512,76,22,2.315661182205972,3282
400,DS_v1-16,CGCAAGTCGA,A16,CD4_CTRL_D47_T6,240309,PRM00003,SI-TT-A3,CACTACGA,CACTACGACGCAAGTCGA,2,CD4,CTRL,Donor_47,Day_6,CAR,12206,22305,1785,3495,39791,91.21660677037521,56.0553894096655,4886,1983,73,25,1.4940646745804338,4886
519,DS_v1-135,CGTAAAGCCG,F15,CD8_CTRL_D47_T15,240309,PRM00003,SI-TT-A3,CACTACGA,CACTACGACGTAAAGCCG,2,CD8,CTRL,Donor_47,Day_15,CAR,9490,14278,1048,2699,27515,90.19080501544612,51.891695438851535,3697,1600,53,20,1.433594806599946,3697
409,DS_v1-25,CGTCAATAGT,B1,CD4_CTRL_D47_T9,240309,PRM00003,SI-TT-A3,CACTACGA,CACTACGACGTCAATAGT,1,CD4,CTRL,Donor_47,Day_9,CAR,11655,16208,1086,2882,31831,90.94593320976406,50.91891552260375,4038,1703,65,18,1.6097077761267953,4038
398,DS_v1-14,CGTCTACGTC,A14,CD4_CTRL_D47_T6,240309,PRM00003,SI-TT-A3,CACTACGA,CACTACGACGTCTACGTC,1,CD4,CTRL,Donor_47,Day_6,CAR,22759,36622,2603,5093,67077,92.40723347794327,54.59695573743608,7982,2806,182,29,2.2801302931596092,7982
502,DS_v1-118,CGTTAGAGAA,E22,CD8_CTRL_D47_T8,240309,PRM00003,SI-TT-A3,CACTACGA,CACTACGACGTTAGAGAA,2,CD8,CTRL,Donor_47,Day_8,CAR,12107,17656,1078,2928,33769,91.32932571293198,52.28463975835825,4306,1793,102,20,2.3687877380399445,4306
544,DS_v1-160,CGTTGAACTG,G16,CD8_CTRL_D64_T6,240309,PRM00003,SI-TT-A3,CACTACGA,CACTACGACGTTGAACTG,2,CD8,CTRL,Donor_64,Day_6,CAR,27119,44052,3354,6559,81084,91.91085787578314,54.32884416161018,9806,3085,190,30,1.9375892310830103,9806
482,DS_v1-98,CTACATGTCG,E2,CD8_CTRL_D47_T2,240309,PRM00003,SI-TT-A3,CACTACGA,CACTACGACTACATGTCG,1,CD8,CTRL,Donor_47,Day_2,CAR,82389,142948,10500,18947,254784,92.56350477267019,56.10556392866114,31785,5671,630,49,1.9820670127418596,31785
473,DS_v1-89,CTAGACGACC,D17,CD4_CTRL_D64_T15,240309,PRM00003,SI-TT-A3,CACTACGA,CACTACGACTAGACGACC,3,CD4,CTRL,Donor_64,Day_15,CAR,18456,28155,1986,4570,53167,91.40444260537552,52.955780841499426,6274,2351,93,24,1.4823079375199235,6274
402,DS_v1-18,CTATTTAGCG,A18,CD4_CTRL_D47_T6,240309,PRM00003,SI-TT-A3,CACTACGA,CACTACGACTATTTAGCG,3,CD4,CTRL,Donor_47,Day_6,CAR,16237,24859,1959,4120,47175,91.26656067832539,52.69528351881293,5653,2197,93,27,1.6451441712365116,5653
515,DS_v1-131,CTCGTCTCTC,F11,CD8_CTRL_D47_T13,240309,PRM00003,SI-TT-A3,CACTACGA,CACTACGACTCGTCTCTC,3,CD8,CTRL,Donor_47,Day_13,CAR,6081,15050,989,1641,23761,93.09372501157358,63.33908505534279,3757,1293,30,18,0.7985094490284802,3757
461,DS_v1-77,CTGTGCATCG,D5,CD4_CTRL_D64_T9,240309,PRM00003,SI-TT-A3,CACTACGA,CACTACGACTGTGCATCG,3,CD4,CTRL,Donor_64,Day_9,CAR,14430,15676,1122,4459,35687,87.50525401406675,43.926359738840475,3738,1669,46,17,1.2306046013911183,3738
571,DS_v1-187,CTTAGTGTCC,H19,CD8_CTRL_D64_T0,240309,PRM00003,SI-TT-A3,CACTACGA,CACTACGACTTAGTGTCC,1,CD8,CTRL,Donor_64,Day_0,CAR,7739,7934,563,2177,18413,88.1768315863792,43.08912181610818,1874,1008,35,17,1.8676627534685166,1874
392,DS_v1-8,CTTGATCGCG,A8,CD4_CTRL_D47_T5,240309,PRM00003,SI-TT-A3,CACTACGA,CACTACGACTTGATCGCG,1,CD4,CTRL,Donor_47,Day_5,CAR,3535,4929,349,1717,10530,83.69420702754036,46.80911680911681,1290,733,25,13,1.937984496124031,1290
456,DS_v1-72,GAAACACAAC,C24,CD4_CTRL_D64_T8,240309,PRM00003,SI-TT-A3,CACTACGA,CACTACGAGAAACACAAC,3,CD4,CTRL,Donor_64,Day_8,CAR,4791,6693,501,1558,13543,88.49590194196264,49.420364764084766,1490,875,30,14,2.013422818791946,1490
417,DS_v1-33,GAACTACGAA,B9,CD4_CTRL_D47_T13,240309,PRM00003,SI-TT-A3,CACTACGA,CACTACGAGAACTACGAA,2,CD4,CTRL,Donor_47,Day_13,CAR,12360,20197,1362,3228,37147,91.31020001615204,54.370474062508414,4497,1813,73,17,1.623304425172337,4497
563,DS_v1-179,GAAGCTGTCC,H11,CD8_CTRL_D64_T13,240309,PRM00003,SI-TT-A3,CACTACGA,CACTACGAGAAGCTGTCC,3,CD8,CTRL,Donor_64,Day_13,CAR,13334,19066,1244,2932,36576,91.9838145231846,52.12707786526685,4158,1771,44,14,1.0582010582010581,4158
404,DS_v1-20,GAATGTGCTC,A20,CD4_CTRL_D47_T8,240309,PRM00003,SI-TT-A3,CACTACGA,CACTACGAGAATGTGCTC,1,CD4,CTRL,Donor_47,Day_8,CAR,15883,25537,1714,3679,46813,92.14107192446542,54.55108623672912,5652,2188,104,25,1.840056617126681,5652
454,DS_v1-70,GACCAGCTAT,C22,CD4_CTRL_D64_T8,240309,PRM00003,SI-TT-A3,CACTACGA,CACTACGAGACCAGCTAT,2,CD4,CTRL,Donor_64,Day_8,CAR,6019,8234,614,1645,16512,90.0375484496124,49.866763565891475,2050,1127,36,17,1.75609756097561,2050
569,DS_v1-185,GAGAAGAACC,H17,CD8_CTRL_D64_T15,240309,PRM00003,SI-TT-A3,CACTACGA,CACTACGAGAGAAGAACC,3,CD8,CTRL,Donor_64,Day_15,CAR,10821,16891,1406,2872,31990,91.02219443576118,52.800875273522976,3911,1643,65,19,1.6619790334952695,3911
471,DS_v1-87,GAGCCTTTGA,D15,CD4_CTRL_D64_T15,240309,PRM00003,SI-TT-A3,CACTACGA,CACTACGAGAGCCTTTGA,2,CD4,CTRL,Donor_64,Day_15,CAR,19273,24959,1842,8834,54908,83.91126976032636,45.45603555037518,5937,2269,94,26,1.5832912245241704,5937
463,DS_v1-79,GATAAGCTGA,D7,CD4_CTRL_D64_T13,240309,PRM00003,SI-TT-A3,CACTACGA,CACTACGAGATAAGCTGA,1,CD4,CTRL,Donor_64,Day_13,CAR,18133,24033,1584,4332,48082,90.99039141466662,49.98336175699846,5512,2167,68,21,1.2336719883889695,5512
388,DS_v1-4,GATTAAGCAC,A4,CD4_CTRL_D47_T2,240309,PRM00003,SI-TT-A3,CACTACGA,CACTACGAGATTAAGCAC,2,CD4,CTRL,Donor_47,Day_2,CAR,690739,1207733,91794,138274,2128540,93.50381012337095,56.73997199958657,274676,11602,4791,79,1.7442368463207563,274676
386,DS_v1-2,GCATGTAAGA,A2,CD4_CTRL_D47_T2,240309,PRM00003,SI-TT-A3,CACTACGA,CACTACGAGCATGTAAGA,1,CD4,CTRL,Donor_47,Day_2,CAR,133537,215704,16550,28129,393920,92.85920999187653,54.75832656376929,50617,6939,937,60,1.851156726001146,50617
525,DS_v1-141,GCATTGATCT,F21,CD8_CTRL_D47_T0,240309,PRM00003,SI-TT-A3,CACTACGA,CACTACGAGCATTGATCT,2,CD8,CTRL,Donor_47,Day_0,CAR,7093,8561,583,2708,18945,85.70599102665611,45.1887041435735,2072,1100,41,19,1.9787644787644787,2072
671,DS_v1-287,GCCTTCCAGA,L23,CD4_CTRL_D64_T1,240309,PRM00003,SI-TT-A3,CACTACGA,CACTACGAGCCTTCCAGA,3,CD4,CTRL,Donor_64,Day_1,CAR,31,22,4,23,80,71.25,27.500000000000004,11,10,0,0,0,11
448,DS_v1-64,GGACAAGTCT,C16,CD4_CTRL_D64_T6,240309,PRM00003,SI-TT-A3,CACTACGA,CACTACGAGGACAAGTCT,2,CD4,CTRL,Donor_64,Day_6,CAR,13346,23538,1844,3829,42557,91.00265526235403,55.30934981319172,5204,2175,110,30,2.113758647194466,5204
494,DS_v1-110,GGACACTTTG,E14,CD8_CTRL_D47_T6,240309,PRM00003,SI-TT-A3,CACTACGA,CACTACGAGGACACTTTG,1,CD8,CTRL,Donor_47,Day_6,CAR,31482,59442,4617,8119,103660,92.1676635153386,57.34323750723519,13320,3750,196,33,1.4714714714714714,13320
479,DS_v1-95,GGACTCCCTA,D23,CD4_CTRL_D64_T0,240309,PRM00003,SI-TT-A3,CACTACGA,CACTACGAGGACTCCCTA,3,CD4,CTRL,Donor_64,Day_0,CAR,5259,4286,237,2537,12319,79.40579592499391,34.79178504748762,1206,723,16,12,1.3266998341625207,1206
421,DS_v1-37,GGATAGTGAG,B13,CD4_CTRL_D47_T15,240309,PRM00003,SI-TT-A3,CACTACGA,CACTACGAGGATAGTGAG,1,CD4,CTRL,Donor_47,Day_15,CAR,18709,29325,1933,4308,54275,92.06264394288347,54.03040073698756,6632,2354,109,26,1.643546441495778,6632
423,DS_v1-39,GGATTCGAGT,B15,CD4_CTRL_D47_T15,240309,PRM00003,SI-TT-A3,CACTACGA,CACTACGAGGATTCGAGT,2,CD4,CTRL,Donor_47,Day_15,CAR,26439,41165,3071,5949,76624,92.23611401127584,53.7233764877845,8956,2988,151,33,1.6860205448861096,8956
669,DS_v1-285,GGCGTATGAC,L21,CD4_CTRL_D64_T1,240309,PRM00003,SI-TT-A3,CACTACGA,CACTACGAGGCGTATGAC,2,CD4,CTRL,Donor_64,Day_1,CAR,12529,26213,2245,3143,44130,92.87786086562429,59.39950147292091,5851,2214,104,30,1.7774739360793026,5851
667,DS_v1-283,GGGAGAACAA,L19,CD4_CTRL_D64_T1,240309,PRM00003,SI-TT-A3,CACTACGA,CACTACGAGGGAGAACAA,1,CD4,CTRL,Donor_64,Day_1,CAR,14714,33353,2808,4894,55769,91.2245154117879,59.80562678190392,7310,2560,87,26,1.1901504787961696,7310
486,DS_v1-102,GTAACCCAGA,E6,CD8_CTRL_D47_T2,240309,PRM00003,SI-TT-A3,CACTACGA,CACTACGAGTAACCCAGA,3,CD8,CTRL,Donor_47,Day_2,CAR,111075,235393,18403,28278,393149,92.80730715326759,59.87373743796881,50370,6833,1027,56,2.038912050823903,50370
561,DS_v1-177,GTAGATAGCC,H9,CD8_CTRL_D64_T13,240309,PRM00003,SI-TT-A3,CACTACGA,CACTACGAGTAGATAGCC,2,CD8,CTRL,Donor_64,Day_13,CAR,14266,23805,1697,3572,43340,91.75819104753114,54.92616520535303,5454,2088,83,23,1.5218188485515218,5454
450,DS_v1-66,GTCACGAGTG,C18,CD4_CTRL_D64_T6,240309,PRM00003,SI-TT-A3,CACTACGA,CACTACGAGTCACGAGTG,3,CD4,CTRL,Donor_64,Day_6,CAR,18182,26239,1801,4473,50695,91.1766446395108,51.7585560706184,5940,2340,98,29,1.6498316498316499,5940
717,DS_v1-333,GTCAGTTCTT,N21,CD8_CTRL_D47_T1,240309,PRM00003,SI-TT-A3,CACTACGA,CACTACGAGTCAGTTCTT,2,CD8,CTRL,Donor_47,Day_1,CAR,13310,28030,2061,3871,47272,91.81122017261804,59.295143002200035,6353,2362,118,29,1.8573902093499135,6353
546,DS_v1-162,GTCTTGTCAA,G18,CD8_CTRL_D64_T6,240309,PRM00003,SI-TT-A3,CACTACGA,CACTACGAGTCTTGTCAA,3,CD8,CTRL,Donor_64,Day_6,CAR,18169,34742,2476,4899,60286,91.87373519556779,57.62863683110506,7561,2598,133,27,1.7590265837852135,7561
475,DS_v1-91,GTGCGACATT,D19,CD4_CTRL_D64_T0,240309,PRM00003,SI-TT-A3,CACTACGA,CACTACGAGTGCGACATT,1,CD4,CTRL,Donor_64,Day_0,CAR,6197,4661,269,1954,13081,85.06230410519073,35.6318324287134,1185,690,13,8,1.0970464135021099,1185
436,DS_v1-52,GTGTAGATGA,C4,CD4_CTRL_D64_T2,240309,PRM00003,SI-TT-A3,CACTACGA,CACTACGAGTGTAGATGA,2,CD4,CTRL,Donor_64,Day_2,CAR,11349,14302,1084,2869,29604,90.30874206188352,48.3110390487772,3408,1554,101,22,2.9636150234741785,3408
573,DS_v1-189,GTTCGTACTC,H21,CD8_CTRL_D64_T0,240309,PRM00003,SI-TT-A3,CACTACGA,CACTACGAGTTCGTACTC,2,CD8,CTRL,Donor_64,Day_0,CAR,4944,4951,334,1876,12105,84.50227178851713,40.90045435770343,1194,736,25,12,2.0938023450586267,1194
408,DS_v1-24,GTTCTGTCGT,A24,CD4_CTRL_D47_T8,240309,PRM00003,SI-TT-A3,CACTACGA,CACTACGAGTTCTGTCGT,3,CD4,CTRL,Donor_47,Day_8,CAR,8238,11582,908,1993,22721,91.228379032613,50.974869063861625,2538,1337,47,20,1.8518518518518516,2538
536,DS_v1-152,TAACCAGATC,G8,CD8_CTRL_D64_T5,240309,PRM00003,SI-TT-A3,CACTACGA,CACTACGATAACCAGATC,1,CD8,CTRL,Donor_64,Day_5,CAR,5308,7269,496,2982,16055,81.4263469324198,45.27561507318592,1757,932,40,18,2.2766078542970973,1757
540,DS_v1-156,TAAGCACGCA,G12,CD8_CTRL_D64_T5,240309,PRM00003,SI-TT-A3,CACTACGA,CACTACGATAAGCACGCA,3,CD8,CTRL,Donor_64,Day_5,CAR,7324,8385,688,2255,18652,87.9101436843234,44.954964615054685,2088,1064,53,24,2.5383141762452106,2088
492,DS_v1-108,TAGAGATCCG,E12,CD8_CTRL_D47_T5,240309,PRM00003,SI-TT-A3,CACTACGA,CACTACGATAGAGATCCG,3,CD8,CTRL,Donor_47,Day_5,CAR,6444,9559,639,2394,19036,87.4238285354066,50.21538138264341,2458,1211,44,17,1.790073230268511,2458
521,DS_v1-137,TAGCTCGTTG,F17,CD8_CTRL_D47_T15,240309,PRM00003,SI-TT-A3,CACTACGA,CACTACGATAGCTCGTTG,3,CD8,CTRL,Donor_47,Day_15,CAR,13950,20404,1384,3413,39151,91.2824704349825,52.11616561518224,4586,1855,98,21,2.136938508504143,4586
550,DS_v1-166,TAGTCCGACG,G22,CD8_CTRL_D64_T8,240309,PRM00003,SI-TT-A3,CACTACGA,CACTACGATAGTCCGACG,2,CD8,CTRL,Donor_64,Day_8,CAR,6533,9394,660,1945,18532,89.50464062162746,50.69069717245846,2269,1125,40,20,1.762891141472014,2269
415,DS_v1-31,TATGCGTTAG,B7,CD4_CTRL_D47_T13,240309,PRM00003,SI-TT-A3,CACTACGA,CACTACGATATGCGTTAG,1,CD4,CTRL,Donor_47,Day_13,CAR,17650,25085,1586,4468,48789,90.84219803644264,51.41527803398307,5830,2215,83,26,1.423670668953688,5830
567,DS_v1-183,TCCCTCGTGA,H15,CD8_CTRL_D64_T15,240309,PRM00003,SI-TT-A3,CACTACGA,CACTACGATCCCTCGTGA,2,CD8,CTRL,Donor_64,Day_15,CAR,11537,17318,970,3741,33566,88.85479354108324,51.59387475421558,4087,1700,76,25,1.8595546855884513,4087
504,DS_v1-120,TCCGTTAGCG,E24,CD8_CTRL_D47_T8,240309,PRM00003,SI-TT-A3,CACTACGA,CACTACGATCCGTTAGCG,3,CD8,CTRL,Donor_47,Day_8,CAR,7945,8722,669,1899,19235,90.1273719781648,45.344424226670135,2073,1134,48,20,2.3154848046309695,2073
559,DS_v1-175,TCGTCTCCGA,H7,CD8_CTRL_D64_T13,240309,PRM00003,SI-TT-A3,CACTACGA,CACTACGATCGTCTCCGA,1,CD8,CTRL,Donor_64,Day_13,CAR,2548,2776,134,1539,6997,78.0048592253823,39.67414606259826,704,508,15,11,2.130681818181818,704
507,DS_v1-123,TCGTGCAGAC,F3,CD8_CTRL_D47_T9,240309,PRM00003,SI-TT-A3,CACTACGA,CACTACGATCGTGCAGAC,2,CD8,CTRL,Donor_47,Day_9,CAR,13030,18061,1334,3192,35617,91.03798747788977,50.70893112839374,3989,1753,73,23,1.830032589621459,3989
552,DS_v1-168,TCGTGTACCT,G24,CD8_CTRL_D64_T8,240309,PRM00003,SI-TT-A3,CACTACGA,CACTACGATCGTGTACCT,3,CD8,CTRL,Donor_64,Day_8,CAR,3767,5646,449,1077,10939,90.1544930980894,51.61349300667337,1341,804,31,14,2.3117076808351977,1341
434,DS_v1-50,TCTGTCGAAC,C2,CD4_CTRL_D64_T2,240309,PRM00003,SI-TT-A3,CACTACGA,CACTACGATCTGTCGAAC,1,CD4,CTRL,Donor_64,Day_2,CAR,33667,72310,6082,8123,120182,93.24108435539432,60.16707992877469,15393,3924,361,42,2.345221854089521,15393
419,DS_v1-35,TCTTACGTCA,B11,CD4_CTRL_D47_T13,240309,PRM00003,SI-TT-A3,CACTACGA,CACTACGATCTTACGTCA,3,CD4,CTRL,Donor_47,Day_13,CAR,16032,24459,1742,4396,46629,90.57239057239057,52.4544811169015,5974,2290,87,24,1.4563106796116505,5974
406,DS_v1-22,TGACTGCGAC,A22,CD4_CTRL_D47_T8,240309,PRM00003,SI-TT-A3,CACTACGA,CACTACGATGACTGCGAC,2,CD4,CTRL,Donor_47,Day_8,CAR,9698,13132,988,2530,26348,90.39775315014423,49.840595111583426,2938,1436,62,19,2.110279101429544,2938
452,DS_v1-68,TGAGAGACGC,C20,CD4_CTRL_D64_T8,240309,PRM00003,SI-TT-A3,CACTACGA,CACTACGATGAGAGACGC,1,CD4,CTRL,Donor_64,Day_8,CAR,3537,5786,455,1108,10886,89.82178945434504,53.15083593606467,1639,913,32,17,1.9524100061012812,1639
425,DS_v1-41,TGATTTCGTG,B17,CD4_CTRL_D47_T15,240309,PRM00003,SI-TT-A3,CACTACGA,CACTACGATGATTTCGTG,3,CD4,CTRL,Donor_47,Day_15,CAR,15,20,1,10,46,78.26086956521739,43.47826086956522,14,13,1,1,7.142857142857142,14
488,DS_v1-104,TGCAAAGCAC,E8,CD8_CTRL_D47_T5,240309,PRM00003,SI-TT-A3,CACTACGA,CACTACGATGCAAAGCAC,1,CD8,CTRL,Donor_47,Day_5,CAR,6,27,2,29,64,54.6875,42.1875,8,8,0,0,0,8
619,DS_v1-235,TGCACATTCG,J19,CD4_CTRL_D47_T1,240309,PRM00003,SI-TT-A3,CACTACGA,CACTACGATGCACATTCG,1,CD4,CTRL,Donor_47,Day_1,CAR,11212,23339,1789,3002,39342,92.36947791164658,59.32336942707539,5099,1971,72,22,1.4120415767797607,5099
390,DS_v1-6,TGTGTGACAA,A6,CD4_CTRL_D47_T2,240309,PRM00003,SI-TT-A3,CACTACGA,CACTACGATGTGTGACAA,3,CD4,CTRL,Donor_47,Day_2,CAR,120882,264116,21151,27303,433452,93.70103264029235,60.93315984238162,57344,7163,1123,62,1.9583565848214284,57344
465,DS_v1-81,TGTGTGTGTC,D9,CD4_CTRL_D64_T13,240309,PRM00003,SI-TT-A3,CACTACGA,CACTACGATGTGTGTGTC,2,CD4,CTRL,Donor_64,Day_13,CAR,18089,24834,1646,3903,48472,91.9479287011058,51.23370193101172,5510,2184,81,25,1.47005444646098,5510
498,DS_v1-114,TTAATGCAGC,E18,CD8_CTRL_D47_T6,240309,PRM00003,SI-TT-A3,CACTACGA,CACTACGATTAATGCAGC,3,CD8,CTRL,Donor_47,Day_6,CAR,24166,42711,2993,5954,75824,92.14760497995357,56.329130618273894,9711,3105,172,31,1.7711873133559881,9711
621,DS_v1-237,TTCCGTAAGA,J21,CD4_CTRL_D47_T1,240309,PRM00003,SI-TT-A3,CACTACGA,CACTACGATTCCGTAAGA,2,CD4,CTRL,Donor_47,Day_1,CAR,10771,24435,1851,3284,40341,91.85939862670732,60.57113110731018,5680,2085,86,26,1.5140845070422535,5680
429,DS_v1-45,TTGAAGTCCT,B21,CD4_CTRL_D47_T0,240309,PRM00003,SI-TT-A3,CACTACGA,CACTACGATTGAAGTCCT,2,CD4,CTRL,Donor_47,Day_0,CAR,9914,9867,757,2628,23166,88.65578865578865,42.592592592592595,2411,1165,46,19,1.907922024056408,2411
553,DS_v1-169,TTGAGCCATC,H1,CD8_CTRL_D64_T9,240309,PRM00003,SI-TT-A3,CACTACGA,CACTACGATTGAGCCATC,1,CD8,CTRL,Donor_64,Day_9,CAR,11617,19833,1352,3362,36164,90.70346200641522,54.84183165579029,4345,1794,81,25,1.8642117376294594,4345
523,DS_v1-139,TTTCGACGTA,F19,CD8_CTRL_D47_T0,240309,PRM00003,SI-TT-A3,CACTACGA,CACTACGATTTCGACGTA,1,CD8,CTRL,Donor_47,Day_0,CAR,9976,7548,484,2816,20824,86.47714175950826,36.24663849404533,1947,1067,32,16,1.6435541859270673,1947
438,DS_v1-54,TTTGTTGTGA,C6,CD4_CTRL_D64_T2,240309,PRM00003,SI-TT-A3,CACTACGA,CACTACGATTTGTTGTGA,3,CD4,CTRL,Donor_64,Day_2,CAR,59452,135046,10411,14291,219200,93.48038321167883,61.60857664233576,29946,5389,533,46,1.7798704334468711,29946
